native,name,description,source,effective_domain_size,term_size,p_value,intersections,intersection_size,pubmed_relevance,score,validated_publications,num_publications
TF:M00194_1,Factor: NF-kappaB; motif: NGGGGAMTTTCCNN; match class: 1,Factor: NF-kappaB; motif: NGGGGAMTTTCCNN; match class: 1,TF,20092,389,0.0014929485323199473,"['ADAM8', 'ATOX1', 'B2M', 'BST2', 'CA4', 'CCL25', 'CD300A', 'CD40', 'CD70', 'CD83', 'CEACAM19', 'CEACAM8', 'CHI3L1', 'CTSS', 'CXCL10', 'DPEP2', 'DPP4', 'EPHB4', 'ESAM', 'FGFR2', 'IGSF3', 'IL15RA', 'IL22RA1', 'IL36G', 'KLK10', 'KLK11', 'KLK8', 'LGALS1', 'LRG1', 'PAEP', 'PCDH7', 'PHLDB1', 'PINLYP', 'PRG2', 'RASSF2', 'SCARB2', 'SMOC1', 'SPESP1', 'SYT1', 'TNFAIP2', 'TNFRSF10B', 'TNFRSF9', 'TPMT', 'ZBTB17']",44,0.0,1.0014929485323198,[],0
HPA:0131292,Colon; endocrine cells[≥Medium],Colon; endocrine cells[≥Medium],HPA,10995,401,2.084458069569921e-06,"['AGR2', 'AGR3', 'B2M', 'BNIP3L', 'BSG', 'CA12', 'CDH1', 'CDH17', 'CEACAM5', 'CHCHD10', 'CHGA', 'CHGB', 'CKAP4', 'COL18A1', 'CTSD', 'CTSE', 'CTSH', 'CTSS', 'CXADR', 'DSG2', 'FABP1', 'FUS', 'GALNT3', 'GUCA2A', 'IL18', 'INSL5', 'KLF4', 'KRT18', 'KRT19', 'LGALS3', 'LGALS4', 'MSLN', 'NOTCH1', 'P4HB', 'PADI2', 'PAM', 'PDIA3', 'PIGR', 'PSIP1', 'PTPRN2', 'PYY', 'QPCT', 'RNASE1', 'SCG2', 'SCGN', 'SIRPA', 'SOX9', 'SPINK1', 'SPINK5', 'TFF1', 'TPM3', 'TYRP1', 'VAMP5', 'VSIG2', 'YAP1']",55,0.006072874493927126,0.9939292099641425,[],0
HPA:0151302,Duodenum; enterocytes[≥Medium],Duodenum; enterocytes[≥Medium],HPA,10995,427,1.5428169570306517e-06,"['ADA', 'AGR2', 'AGR3', 'APOA4', 'APOC1', 'B2M', 'B3GNT7', 'BNIP3L', 'BSG', 'C1QA', 'CD74', 'CDH1', 'CDH17', 'CDH2', 'CHCHD10', 'CKAP4', 'COL18A1', 'CTSD', 'CTSE', 'CTSH', 'CTSS', 'CXADR', 'DNER', 'DSG2', 'FABP1', 'FABP2', 'FUS', 'GALNT3', 'GCHFR', 'GPRC5C', 'IL18', 'INPP1', 'JCHAIN', 'KLF4', 'KRT18', 'KRT19', 'LGALS3', 'LGALS4', 'LGMN', 'NOTCH1', 'P4HB', 'PDIA3', 'PDZK1', 'PIGR', 'PSIP1', 'RBP2', 'REG1A', 'REG1B', 'RRM2', 'S100G', 'SOX9', 'SPINK5', 'TMPRSS15', 'TPM3', 'TXNDC5', 'VAMP5', 'VSIG2', 'YAP1']",58,0.019230769230769232,0.9807707735861878,[],0
GO:0098858,actin-based cell projection,"""A cell projection supported by an assembly of actin filaments, and which lacks microtubules."" [PMID:15661519]",GO:CC,17186,142,0.02971646940862432,"['ACTA2', 'ACTN2', 'AOC3', 'CBLIF', 'CD302', 'CXADR', 'DMD', 'EPS8L2', 'EZR', 'ICAM2', 'ITGAV', 'JAM3', 'KITLG', 'PALM', 'STX4', 'TGFB1', 'VCAM1']",17,0.08653846153846154,0.9431780078701627,[],0
GO:0005770,late endosome,"""A prelysosomal endocytic organelle differentiated from early endosomes by lower lumenal pH and different protein composition. Late endosomes are more spherical than early endosomes and are mostly juxtanuclear, being concentrated near the microtubule organizing center."" [NIF_Subcellular:nlx_subcell_20090702, PMID:11964142, PMID:2557062]",GO:CC,17186,237,0.04554854175494084,"['B2M', 'BST2', 'CD74', 'CRHBP', 'CST7', 'CTSH', 'CTSL', 'CTSS', 'EGFR', 'F2R', 'GRN', 'IGF2R', 'IL12B', 'LAMP3', 'LGMN', 'PCSK9', 'PSAP', 'RNF149', 'SCARB2', 'SFTPA2', 'SIGLEC1', 'SLC39A14', 'STX8', 'VAMP5']",24,0.1176923076923076,0.9278562340626333,[],0
GO:0031406,carboxylic acid binding,"""Binding to a carboxylic acid, an organic acid containing one or more carboxyl (COOH) groups or anions (COO-)."" [GOC:mah, ISBN:0198506732]",GO:MF,17454,145,1.9401234530340803e-08,"['AGRN', 'AMBP', 'APOC1', 'CD33', 'FABP1', 'FABP2', 'FABP3', 'FABP4', 'FABP5', 'FABP6', 'FABP9', 'FCN1', 'FOLR1', 'FOLR2', 'GFRA2', 'MDK', 'NOS1', 'NOS3', 'PLA2G1B', 'PSAP', 'PTGDS', 'RBP2', 'RBP5', 'RBP7', 'RTN4R', 'SELE', 'SIGLEC10', 'SIGLEC6', 'SIGLEC7', 'SIGLEC8']",30,0.0946153846153846,0.90538463478585,[],0
GO:0005509,calcium ion binding,"""Binding to a calcium ion (Ca2+)."" [GOC:ai]",GO:MF,17454,346,7.266941231358868e-11,"['ADAM8', 'ADAMTS13', 'AGRN', 'AIF1L', 'AMY2A', 'ANXA10', 'AOC3', 'CALB1', 'CALB2', 'CANT1', 'CDH2', 'CLEC6A', 'CLGN', 'COMP', 'DNER', 'DSC2', 'DSG2', 'DSG3', 'EFHD1', 'ENPP2', 'F9', 'FBLN2', 'GALNT3', 'GSN', 'HPGDS', 'HRC', 'ITGA5', 'LETM1', 'MMP12', 'MMP13', 'NCS1', 'NUCB2', 'PAM', 'PKD2', 'PLA2G10', 'PLA2G1B', 'PLA2G2A', 'PNLIPRP1', 'PON1', 'PPP3R1', 'PRSS2', 'S100A11', 'S100A12', 'S100A13', 'S100A4', 'S100G', 'S100P', 'SCGN', 'SMOC2', 'SPARCL1', 'SPOCK1', 'SYT1', 'THBD', 'THBS4', 'TTN', 'VSNL1']",56,0.11538461538461534,0.8846153846880541,[],0
REAC:R-HSA-6798695,Neutrophil degranulation,Neutrophil degranulation,REAC,11004,476,2.87545914363449e-16,"['ACAA1', 'ADA2', 'ADAM8', 'ADGRE5', 'ATP6AP2', 'B2M', 'B4GALT1', 'BST2', 'CANT1', 'CD14', 'CD300A', 'CD33', 'CD55', 'CD58', 'CD93', 'CEACAM6', 'CEACAM8', 'CFD', 'CHI3L1', 'CHIT1', 'CKAP4', 'CLEC12A', 'CLEC4D', 'CLEC5A', 'CR1', 'CST3', 'CSTB', 'CTSB', 'CTSD', 'CTSH', 'CTSS', 'CTSZ', 'FABP5', 'FCAR', 'FCGR2A', 'FCGR3B', 'FCN1', 'GM2A', 'GRN', 'GSN', 'HMOX2', 'IGF2R', 'ITGAV', 'LAIR1', 'LCN2', 'LGALS3', 'LILRB2', 'LRG1', 'LTA4H', 'MME', 'MMP8', 'MMP9', 'MPO', 'NFASC', 'NHLRC3', 'NPC2', 'OLR1', 'ORM1', 'OSCAR', 'PADI2', 'PGLYRP1', 'PIGR', 'PLAU', 'PLAUR', 'PRG2', 'PRG3', 'PRSS2', 'PRTN3', 'PSAP', 'PTPRC', 'PTPRN2', 'PTX3', 'QPCT', 'QSOX1', 'RAB44', 'RAB6A', 'RETN', 'RNASE3', 'RNASET2', 'S100A11', 'S100A12', 'S100P', 'SERPINA3', 'SERPINB6', 'SIRPA', 'SIRPB1', 'TIMP2', 'TNFRSF1B', 'TXNDC5']",89,0.11692307692307685,0.8830769230769234,[],0
GO:0046470,phosphatidylcholine metabolic process,"""The chemical reactions and pathways involving phosphatidylcholines, any of a class of glycerophospholipids in which the phosphatidyl group is esterified to the hydroxyl group of choline. They are important constituents of cell membranes."" [ISBN:0198506732]",GO:BP,16268,62,0.0005701274139285689,"['APOA1', 'APOA2', 'APOA4', 'APOC1', 'DBI', 'ENPP2', 'LPCAT2', 'PLA2G10', 'PLA2G15', 'PLA2G1B', 'PLA2G2A', 'PLA2G7', 'PON1']",13,0.1338461538461538,0.8667239735677748,[],0
WP:WP129,Matrix metalloproteinases,Matrix metalloproteinases,WP,8752,30,4.067812747365104e-06,"['BSG', 'MMP1', 'MMP10', 'MMP12', 'MMP13', 'MMP3', 'MMP7', 'MMP8', 'MMP9', 'TIMP1', 'TIMP2', 'TIMP4', 'TNF']",13,0.1361538461538461,0.8638502216589012,[],0
WP:WP2431,Spinal cord injury,Spinal cord injury,WP,8752,115,2.099190942323564e-08,"['ACAN', 'COL4A1', 'CSPG4', 'CXCL10', 'CXCL8', 'EFNB2', 'EGFR', 'EPHA4', 'FCGR2A', 'GDNF', 'GFAP', 'ICAM1', 'IL1R1', 'IL6', 'KLK8', 'LEP', 'LGALS3', 'MMP12', 'MMP9', 'NGFR', 'NOS1', 'OMG', 'PLA2G2A', 'RGMA', 'RTN4R', 'SOX9', 'TGFB1', 'TNF', 'TNFSF13', 'TNFSF13B', 'VCAN']",31,0.1423076923076923,0.8576923286842172,[],0
REAC:R-HSA-1474228,Degradation of the extracellular matrix,Degradation of the extracellular matrix,REAC,11004,140,1.1096164787376614e-13,"['ACAN', 'ADAM15', 'ADAM8', 'ADAM9', 'ADAMTS1', 'ADAMTS16', 'ADAMTS4', 'BSG', 'CDH1', 'COL15A1', 'COL18A1', 'COL3A1', 'COL4A1', 'COL5A1', 'COL6A3', 'COL9A1', 'CTRB1', 'CTSB', 'CTSD', 'CTSL', 'CTSS', 'CTSV', 'DCN', 'ELN', 'HSPG2', 'LAMB1', 'MMP1', 'MMP10', 'MMP12', 'MMP13', 'MMP3', 'MMP7', 'MMP8', 'MMP9', 'NID1', 'OPTC', 'PRSS2', 'SPP1', 'TIMP1', 'TIMP2', 'TPSAB1']",41,0.1476923076923076,0.8523076923078033,[],0
GO:0015908,fatty acid transport,"""The directed movement of fatty acids into, out of or within a cell, or between cells, by means of some agent such as a transporter or pore. Fatty acids are aliphatic monocarboxylic acids liberated from naturally occurring fats and oils by hydrolysis."" [GOC:ai]",GO:BP,16268,86,0.0004180600817882183,"['ACE', 'FABP1', 'FABP2', 'FABP3', 'FABP4', 'FABP5', 'FABP6', 'FABP9', 'LEP', 'PLA2G10', 'PLA2G1B', 'RBP2', 'RBP5', 'RBP7', 'TNFRSF11A', 'TNFSF11']",16,0.1638461538461538,0.8365719062356345,[],0
KEGG:05323,Rheumatoid arthritis,Rheumatoid arthritis,KEGG,8484,88,6.08447501130253e-08,"['ACP5', 'CCL20', 'CCL3', 'CD28', 'CD80', 'CSF1', 'CTSL', 'CXCL8', 'FLT1', 'ICAM1', 'IL15', 'IL17A', 'IL18', 'IL6', 'JUN', 'MMP1', 'MMP3', 'PTH', 'TGFB1', 'TNF', 'TNFRSF11A', 'TNFSF11', 'TNFSF13', 'TNFSF13B', 'VEGFA']",25,0.2007692307692307,0.7992308300755194,"[{'Title': 'The Association Between Serum Immunoglobulin G Titers Against Porphyromonas gingivalis and Chronic Kidney Disease in Patients With Rheumatoid Arthritis and Periodontitis: A Retrospective Cohort Study.', 'Abstract': ""OBJECTIVES: Chronic kidney disease (CKD) is relatively common in patients with rheumatoid arthritis (RA). Periodontitis and periodontopathic Porphyromonas gingivalis are risk factors for CKD. However, the association of serum immunity to P. gingivalis and its peptidylarginine deiminase (PPAD), as well as periodontitis severity, with CKD in relation to RA has not been elucidated. The present study evaluated whether or not serum immunoglobulin G (IgG) titers against P. gingivalis and PPAD and periodontitis severity are associated with CKD in patients with RA and periodontitis. METHODS: Demographic, comorbidity, rheumatologic, and periodontal data were collected from 127 patients with RA and periodontitis in a retrospective cohort study. CKD was defined as an estimated glomerular filtration rate (eGFR) < 60 mL/min/1.73 m(2) and/or proteinuria of >/= 3 months' duration. Serum IgG titers against P. gingivalis and PPAD were determined using an electrochemiluminescence immunoassay. RESULTS: Twenty patients showed an eGFR < 60 mL/min/1.73 m(2), while no patients had proteinuria. The 20 CKD patients were significantly older (p = 0.002), had higher percentages of former smokers (p = 0.01), had more sites with probing depth and clinical attachment level >/= 4 mm (p = 0.03 and p = 0.02), and had higher levels of serum creatinine and eGFR (p < 0.001 for both) and anti-P. gingivalis IgG titers (p = 0.04) than the 107 non-CKD patients. A significant association was observed between anti-P. gingivalis IgG titers and eGFR (p < 0.001 for both) by bivariate and multivariate analyses and between anti-P. gingivalis IgG titers and CKD (p < 0.001) using a multiple logistic regression analysis after adjusting for age, gender, smoking status, comorbidity, RA condition, and RA-related drugs. CONCLUSIONS: These results suggest that serum IgG titers against P. gingivalis, but not against PPAD, are associated with CKD in patients with RA and periodontitis."", 'PMID': '41609360'}]",1
HP:0002140,Ischemic stroke,"Acute ischemic stroke (AIS) is defined by the sudden loss of blood flow to an area of the brain with the resulting loss of neurologic function. It is caused by thrombosis or embolism that occludes a cerebral vessel supplying a specific area of the brain. During a vessel occlusion, there is a core area where damage to the brain is irreversible and an area of penumbra where the brain has lost function owing to decreased blood flow but is not irreversibly injured.",HP,5080,38,0.035501699448758466,"['ADA2', 'CD244', 'FAS', 'IFNGR1', 'IL10', 'IL12B', 'IL1R1', 'IL1RN', 'IL2RA', 'IL6', 'LBR', 'PRTN3', 'SPP1', 'TGFB1', 'TNFRSF1A']",10,0.29307692307692296,0.7424247763718355,"[{'Title': 'Impact of chronic kidney disease on efficacy and safety outcomes of endovascular thrombectomy in acute ischemic stroke patients: a systematic review and meta-analysis.', 'Abstract': 'INTRODUCTION: The effect of chronic kidney disease (CKD) on outcomes of endovascular thrombectomy (EVT) for acute ischemic stroke (AIS) remains uncertain. We evaluated the impact of CKD on the efficacy and safety of EVT in patients with AIS. EVIDENCE ACQUISITION: PubMed, Embase, and the Cochrane Central Register of Controlled Trials were searched from inception to September 2024 for studies comparing EVT outcomes in AIS patients with and without CKD. Primary outcomes included functional independence at 3 months (modified Rankin Scale [mRS] 0-2), mRS shift at 3 months, in-hospital mortality, and 3-month mortality. Secondary outcomes included successful reperfusion (modified Thrombolysis in Cerebral Infarction [mTICI] 2b-3), National Institutes of Health Stroke Scale (NIHSS) score at 24 hours, time to recanalization, and intracranial hemorrhage. Risk of bias was assessed using the ROBINS-I tool. Pooled risk ratios (RR) and mean differences (MD) with 95% confidence intervals (CI) were calculated using random-effects models. EVIDENCE SYNTHESIS: Seven studies including 27,572 patients were analyzed. Compared with non-CKD patients, those with CKD had a lower likelihood of achieving functional independence at 3 months (RR=0.70, 95% CI 0.60-0.82) and higher 3-month mortality (RR=2.12, 95% CI: 1.88-2.39). In-hospital mortality was also increased in the CKD group. No significant differences were observed in successful reperfusion, NIHSS score at 24 hours, time to recanalization, or intracranial hemorrhage. CONCLUSIONS: Chronic kidney disease is associated with poorer functional outcomes and increased mortality in AIS patients treated with EVT, despite similar procedural efficacy and safety.', 'PMID': '41837948'}, {'Title': 'Differential Diagnostic Value of Neutrophil Gelatinase-Associated Lipocalin and Cystatin C in Ischemic Stroke Patients with or without Chronic Kidney Disease.', 'Abstract': 'BACKGROUND AND OBJECTIVE: The similarities in organizational structure and microenvironment between the brain and kidneys suggest the potential utility of kidney biomarkers in the detection of cerebrovascular diseases. Cystatin C (CysC) and neutrophil gelatinase-associated lipocalin (NGAL), well-established sensitive biomarkers of kidney injury, may also recognize as indicators of neuroinflammation. However, their diagnostic capabilities for ischemic stroke (IS) attacks under different kidney function states remain unclear. This case-control study aims to evaluate the diagnostic value of serum kidney biomarkers for ischemic stroke (IS) attack, with focus on NGAL and CysC. METHODS: A total of 498 patients with first IS attack, 173 patients with risk-related diseases (designated as the disease control [DC] group), and 293 healthy subjects (serving as the healthy control [HC] group) were enrolled. A comprehensive comparative analysis was performed to examine the associations between common kidney biomarkers (Specifically, NGAL and CysC) and IS. RESULTS: Serum NGAL levels were significantly elevated in patients with first IS compared with both the HC group (z=5.964, P<0.001) and the DC group (z=12.191, P<0.001). In contrast, serum CysC levels were significantly higher in these patients relative to the HC group (z=5.762, P<0.001), but no statistically significant difference was observed when compared with the DC group (z=1.663, P=0.289). Partial correlation analysis revealed: 1) among IS patients with normal kidney function, NGAL exhibited the strongest partial correlation with IS (r(partial)=0.341, P<0.001), whereas the other four kidney markers showed no statistically significant association (all P>0.05); 2) among IS patients with chronic kidney disease (CKD), CysC showed the highest partial correlation (r(partial)=0.460, P<0.001), followed by estimated glomerular filtration rate (r(partial)=-0.373, P<0.001), creatinine (r(partial)=0.279, P<0.001), NGAL (r(partial)=0.233, P<0.001), and urea (r(partial)=0.182, P<0.001). Stratified multiple linear regression analysis based on kidney impairment demonstrated: 1) in patients with preserved kidney function, only NGAL was correlated with IS risk (OR=6.54, P<0.001), with moderate diagnostic effect (AUC=0.734, P<0.001); and 2) for CKD patients, CysC outperformed NGAL in diagnosing IS attack, demonstrating a stronger correlation with IS risk (OR=5.97, P<0.001) and a higher discriminatory ability (AUC=0.835, P<0.001). CONCLUSION: IS is intricately linked to both kidney injury and neuroinflammation. NGAL and CysC serve as appropriate biomarkers for diagnosing IS attack in patients with normal kidney function and those with CKD, respectively. Respective monitoring of CysC and NGAL in individuals with and without CKD could facilitate early diagnosis, prevention and targeted management of stroke in high-risk populations.', 'PMID': '41822806'}, {'Title': 'Associations of Cerebral Small Vessel Disease and Chronic Kidney Disease in Patients With Acute Ischemic Stroke.', 'Abstract': 'BACKGROUND: The relationship between chronic kidney disease (CKD) and cerebral small vessel disease has been inconsistently reported. In particular, there is a lack of research focusing on patients with acute ischemic stroke, a key area that could provide important insights into the brain-kidney connection. METHODS AND RESULTS: We established a large-sample size, multicenter prospective cohort study (SMART [Cerebral Small Vascular Disease Registry Multicenter Clinical Trial]) across 13 subcenters in central China. All participants underwent long-term, continuous renal function monitoring. CKD was assessed using the Kidney Disease Improving Global Outcomes criteria, defined as abnormal kidney function lasting for at least 3 consecutive months. Magnetic resonance imaging, including T2-weighted and susceptibility-weighted imaging, was used to detect markers of cerebral small vessel disease such as white matter hyperintensities, cerebral microbleeds, lacunar infarctions, and enlarged perivascular spaces. Multinomial, binomial, and ordinal logistic regression models were employed, adjusting for demographic, vascular, and stroke-related factors. Among the 3909 patients with acute ischemic stroke (mean age 62 years, 35.3% female), 307 (7.9%) were diagnosed with CKD. Higher CKD risk grades were correlated with an increased burden of cerebral small vessel disease. After adjusting confounding factors, white matter hyperintensities (odds ratio [OR], 1.841 [95% CI, 1.413-2.400], P<0.001), lacunar infarctions (OR, 3.455 [95% CI, 2.314-5.158], P<0.001), and cerebral microbleeds (OR, 2.514 [95% CI, 1.976-3.199], P=0.005) were significantly more frequent in patients with CKD. Additionally, patients with CKD exhibited higher rates of cardiac embolism (OR, 1.405 [95% CI, 1.067-1.851], P=0.016) compared with other stroke causes. CONCLUSIONS: Stroke clinicians should recognize CKD as a potentially independent and modifiable risk factor for cerebral small vessel disease.', 'PMID': '40265579'}]",3
KEGG:05144,Malaria,Malaria,KEGG,8484,49,1.1484206897649839e-07,"['CCL25', 'CD28', 'CD40', 'CD80', 'ICOSLG', 'IL10', 'IL15', 'IL15RA', 'IL6', 'LTBR', 'PIGR', 'TGFB1', 'TNFRSF13B', 'TNFRSF13C', 'TNFRSF17', 'TNFSF13', 'TNFSF13B']",18,0.2661538461538461,0.7338462686882229,"[{'Title': 'Malaria associated pathogenesis of chronic kidney disease (MAP-CKD): a prospective study of children hospitalized with severe malaria.', 'Abstract': 'BACKGROUND: Severe malaria (SM) remains a leading cause of child mortality and an important global contributor to acute kidney injury (AKI), which can progress to chronic kidney disease (CKD) in some survivors. Notably, 80% of AKI deaths occur in low- and middle-income countries (LMIC). Despite this burden, the mechanisms and recovery trajectory of SM associated AKI remain poorly understood. There is a critical need to define the etiology and pathophysiology of SM-AKI, uncover pathways of maladaptive repair, identify risk factors for CKD, and evaluate long-term health and development. METHODS: This prospective multi-site cohort study will enroll children at three sites in Uganda: Mulago National Referral and Teaching Hospital, Jinja Regional Referral Hospital, and Lira Regional Referral Hospital. We aim to recruit 750 children with severe malaria and 375 community controls between 3 months of age and < 16 years. Participants will be followed for two years. Children with severe malaria will be assessed at 1-, 2-, and 4-months to evaluate short-term kidney recovery and 12- and 24-months to assess kidney function and health-related quality of life. The study will investigate short-term and long-term kidney disease risk factors following severe malaria. We will characterize host pathways involved in maladaptive kidney repair, focusing on mechanisms related to cell stress, angiogenesis, and tubulointerstitial injury. Additionally, we will assess the impact of AKI and persistent kidney disease on morbidity, mortality, and health-related quality of life. Cognitive and behavioral assessments, along with brain magnetic resonance imaging (MRI), will be used to evaluate the effects of AKI on brain injury and edema. DISCUSSION: This study will generate key insights into the prevalence of persistent kidney disease following SM-AKI and identify risk factors for CKD to inform clinical follow-up. Defining specific pathways involved with maladaptive repair in severe malaria will provide the foundation for targeted interventions to promote adaptive recovery. The research has the potential to transform long-term health outcomes following SM-AKI. TRIAL REGISTRATION: ISRCTN10885288.', 'PMID': '40665227'}]",1
HP:0011034,Amyloidosis,The presence of amyloid deposition in one or more tissues. Amyloidosis may be defined as the extracellular deposition of amyloid in one or more sites of the body.,HP,5080,49,0.028167594171260153,"['APOA1', 'B2M', 'CST3', 'FAS', 'FGA', 'GSN', 'IFNGR1', 'IL10', 'MMP1', 'OSMR', 'TACSTD2', 'TNFRSF1A']",12,0.32538461538461527,0.7027829787866449,[],0
